scheme_id,scheme_name,gender,category,min_age,max_age,max_loan_inr,min_loan_inr,max_subsidy_pct,business_type,state,interest_rate,tenure_years,scheme_type,documents,description,apply_link
SCH001,Stand-Up India,All,SC;ST;Women,18,65,10000000,1000000,0,"Manufacturing;Services;Trading",All-India,"MCLR + 3% + tenor premium",7,Central,"Aadhaar;PAN;Caste Certificate;Business Plan;Bank Statement","Bank loans between 10 lakh and 1 crore for at least one SC/ST and one woman borrower per bank branch to set up a greenfield enterprise.",https://www.standupmitra.in
SCH002,PMEGP Rural,All,General;SC;ST;OBC;Women,18,50,5000000,50000,35,"Manufacturing;Handicrafts;Farming",All-India,"4-8% (subsidized)",7,Central,"Aadhaar;PAN;Project Report;Caste Certificate;Educational Certificate","Prime Minister's Employment Generation Programme for setting up new micro-enterprises in rural areas with margin money subsidy.",https://www.kviconline.gov.in/pmegpeportal
SCH003,PMEGP Urban,All,General;SC;ST;OBC;Women,18,50,5000000,50000,25,"Manufacturing;Services;Trading",All-India,"4-8% (subsidized)",7,Central,"Aadhaar;PAN;Project Report;Address Proof","Prime Minister's Employment Generation Programme for setting up new micro-enterprises in urban areas with margin money subsidy.",https://www.kviconline.gov.in/pmegpeportal
SCH004,PM Mudra Shishu,All,General;SC;ST;OBC;Women,18,65,50000,0,0,"Trading;Services;Manufacturing;Handicrafts",All-India,"8-12%",5,Central,"Aadhaar;PAN;Business Plan;Bank Statement","Collateral-free micro-loans up to 50,000 rupees for very small and starting-stage businesses under the Mudra Yojana.",https://www.mudra.org.in
SCH005,PM Mudra Kishor,All,General;SC;ST;OBC;Women,18,65,500000,50001,0,"Trading;Services;Manufacturing;Farming",All-India,"9-13%",5,Central,"Aadhaar;PAN;Business Plan;Bank Statement","Collateral-free loans between 50,000 and 5 lakh rupees for growing micro and small businesses under the Mudra Yojana.",https://www.mudra.org.in
SCH006,PM Mudra Tarun,All,General;SC;ST;OBC;Women,18,65,1000000,500001,0,"Manufacturing;Services;Trading",All-India,"10-14%",7,Central,"Aadhaar;PAN;Business Plan;Bank Statement;ITR","Collateral-free loans between 5 lakh and 10 lakh rupees for established micro-enterprises seeking expansion under the Mudra Yojana.",https://www.mudra.org.in
SCH007,Lakhpati Didi,Women,Women;Rural,18,55,500000,10000,0,"Farming;Handicrafts;Trading;Services",All-India,"0-7% (SHG linked)",5,Central,"Aadhaar;SHG Membership Certificate;Bank Statement","Skilling and interest-free/low-interest credit support to Self Help Group women members to help households earn at least 1 lakh rupees annually.",https://rural.nic.in
SCH008,National SC-ST Hub (NSSH),All,SC;ST,18,60,10000000,1000000,0,"Manufacturing;Services;Trading",All-India,"As per lending bank",7,Central,"Aadhaar;PAN;Caste Certificate;Business Plan","Facilitation of bank loans, capacity building, marketing assistance, and handholding support for SC/ST entrepreneurs and enterprises.",https://www.nsshub.in
SCH009,PM Vishwakarma,All,General;OBC;SC;ST,18,60,300000,100000,0,"Handicrafts;Manufacturing",All-India,"5%",3,Central,"Aadhaar;PAN;Artisan ID Card;Skill Certificate","Support scheme for traditional artisans and craftspeople offering skill training, toolkit incentive, and collateral-free credit in two tranches.",https://pmvishwakarma.gov.in
SCH010,CGTMSE,All,General;SC;ST;OBC;Women,18,65,20000000,0,0,"Manufacturing;Services;Trading",All-India,"As per lending bank + guarantee fee",7,Central,"Aadhaar;PAN;Business Plan;Bank Statement;Udyam Registration","Credit Guarantee Fund Trust for Micro and Small Enterprises providing collateral-free credit guarantee cover to lending institutions.",https://www.cgtmse.in
SCH011,Mahila Udyam Nidhi Scheme,Women,Women,18,55,2500000,100000,0,"Manufacturing;Services;Handicrafts",All-India,"As per SIDBI/PNB norms",10,Central,"Aadhaar;PAN;Business Plan;Bank Statement","Financial assistance scheme by SIDBI/PNB for women entrepreneurs to set up new small-scale ventures or expand existing ones.",https://www.pnbindia.in
SCH012,Rural Self Employment Training Institutes (RSETI) Support,All,General;SC;ST;OBC;Women;Rural,18,45,1000000,10000,0,"Farming;Handicrafts;Services;Manufacturing",All-India,"As per bank linkage",5,Central,"Aadhaar;RSETI Training Certificate;Bank Statement","Free skill training and post-training credit linkage support for rural youth and micro-entrepreneurs to start self-employment ventures.",https://rseti.in
SCH113,Venture Capital Fund for SC (IFCI),All,SC,18,55,5000000,1000000,0,"Manufacturing;Services;Trading",All-India,"Equity-based (no interest)",7,Central,"Aadhaar;PAN;Caste Certificate;Detailed Project Report","Equity/venture capital support managed by IFCI for viable SC entrepreneur-led projects to promote entrepreneurship among Scheduled Castes.",https://www.ifciltd.com
SCH114,Venture Capital Fund for ST,All,ST,18,55,5000000,1000000,0,"Manufacturing;Services;Trading",All-India,"Equity-based (no interest)",7,Central,"Aadhaar;PAN;Caste Certificate;Detailed Project Report","Equity/venture capital support scheme for Scheduled Tribe entrepreneurs to promote self-employment and enterprise creation.",https://tribal.nic.in
SCH115,Credit Enhancement Guarantee Scheme for SCs,All,SC,21,55,50000000,10000000,0,"Manufacturing;Services;Trading",All-India,"Market linked (guarantee cover)",10,Central,"PAN;Caste Certificate;Company Registration;Bond Documents","Guarantee cover facilitating bond/loan raising by SC entrepreneurs for green-field ventures at competitive rates.",https://ifciltd.com
SCH116,Dr. Ambedkar Scheme for Social Integration through Inter-Caste Marriages,All,SC;ST,21,60,250000,250000,0,"Services;Trading",All-India,"NA (Grant)",0,Central,"Aadhaar;Caste Certificate;Marriage Certificate","One-time financial incentive scheme supporting families for social integration, indirectly aiding household enterprise stability.",https://socialjustice.gov.in
SCH117,National Scheduled Tribes Finance and Development Corporation (NSTFDC) Term Loan,All,ST,18,55,10000000,50000,0,"Manufacturing;Farming;Handicrafts;Trading",All-India,"6-8%",8,Central,"Aadhaar;PAN;ST Certificate;Project Report","Concessional term loans for income-generating activities and micro-enterprises exclusively for Scheduled Tribe entrepreneurs.",https://nstfdc.nic.in
SCH118,National Safai Karamcharis Finance and Development Corporation (NSKFDC) Loan,All,SC,18,55,1500000,50000,0,"Services;Trading;Manufacturing",All-India,"4-6%",7,Central,"Aadhaar;PAN;Caste Certificate;Occupation Proof","Concessional credit scheme for safai karamcharis and their dependents to set up self-employment ventures.",https://nskfdc.nic.in
SCH119,Adivasi Mahila Sashaktikaran Yojana,Women,ST;Women,18,50,500000,25000,0,"Handicrafts;Farming;Trading",All-India,"4-7%",5,Central,"Aadhaar;ST Certificate;Business Plan","State-run empowerment scheme offering subsidized credit and training to tribal women for micro-enterprise development.",https://tribal.nic.in
SCH120,Mahila Coir Yojana,Women,Women;Rural,18,50,300000,50000,0,"Manufacturing;Handicrafts",All-India,"6-8% (subsidized)",5,Central,"Aadhaar;PAN;Coir Board Registration","Subsidy-linked self-employment scheme for rural women in coir-producing states to set up motorized ratt units.",https://coirboard.gov.in
SCH121,Annapurna Scheme for Women,Women,Women,18,55,50000,10000,0,"Trading;Services",All-India,"10-12%",3,Central/State,"Aadhaar;PAN;Business Plan;Guarantor Details","Collateral-free loan scheme for women to set up food catering and small eatery businesses, repayable through EMIs.",https://www.sbi.co.in
SCH122,Bhartiya Mahila Bank Business Loan (merged with SBI),Women,Women,18,55,2000000,100000,0,"Manufacturing;Services;Trading",All-India,"As per SBI norms",7,Central,"Aadhaar;PAN;Business Plan;Bank Statement","Concessional interest-rate business loan scheme for women entrepreneurs, now operated through SBI branches nationwide.",https://www.sbi.co.in
SCH123,Udyogini Scheme,Women,Women,18,55,300000,50000,30,"Manufacturing;Trading;Services;Farming",Karnataka,"0-8% (subsidized)",5,State,"Aadhaar;PAN;Income Certificate;BPL Card","State-backed subsidized loan scheme by KSFC/state boards for women below poverty line to start small businesses.",https://ksfc.in
SCH124,Cent Kalyani Scheme,Women,Women,18,55,10000000,100000,0,"Manufacturing;Services;Trading",All-India,"As per Central Bank norms",7,Central,"Aadhaar;PAN;Business Plan;Bank Statement","Collateral-free credit scheme by Central Bank of India exclusively for women entrepreneurs across sectors.",https://www.centralbankofindia.co.in
SCH125,TREAD Scheme for Women,Women,Women,18,55,3000000,100000,30,"Manufacturing;Services;Handicrafts",All-India,"As per lending institution",5,Central,"Aadhaar;PAN;NGO Recommendation;Business Plan","Trade Related Entrepreneurship Assistance and Development scheme offering credit and training support via NGOs for women entrepreneurs.",https://msme.gov.in
SCH126,Maharashtra Udyogini Yojana,Women,Women;State-Specific,18,50,2500000,100000,0,"Manufacturing;Trading;Services",Maharashtra,"Interest subvention",7,State,"Aadhaar;PAN;Domicile Certificate;Business Plan","Maharashtra state scheme offering interest subsidy on loans for women entrepreneurs setting up new enterprises.",https://maharashtra.gov.in
SCH127,Tamil Nadu New Entrepreneur-cum-Enterprise Development Scheme (NEEDS),All,General;SC;ST;Women,21,50,10000000,1000000,25,"Manufacturing;Services",Tamil Nadu,"Interest subvention",7,State,"Aadhaar;PAN;Domicile Certificate;Educational Certificate;Business Plan","Tamil Nadu government scheme providing capital subsidy and interest subvention for first-generation entrepreneurs.",https://www.msmeonline.tn.gov.in
SCH128,Rajasthan Mukhyamantri Yuva Swavlamban Yojana,All,General;SC;ST;OBC;Women,18,45,2500000,100000,0,"Manufacturing;Services;Trading",Rajasthan,"Interest subvention",7,State,"Aadhaar;PAN;Domicile Certificate;Business Plan","Rajasthan state scheme offering collateral-free loans and interest subvention to young entrepreneurs and startups.",https://rajasthan.gov.in
SCH129,Karnataka Vishwa/Chief Minister's SC/ST Entrepreneur Scheme,All,SC;ST;State-Specific,18,50,5000000,500000,50,"Manufacturing;Services;Trading",Karnataka,"0-4% (subsidized)",7,State,"Aadhaar;Caste Certificate;Domicile Certificate;Business Plan","Karnataka state capital subsidy and interest subsidy scheme for SC/ST entrepreneurs establishing new micro and small enterprises.",https://kvic.gov.in
SCH130,West Bengal Karma Sathi Prakalpa,All,General;Women;State-Specific,18,45,1000000,50000,0,"Manufacturing;Services;Trading",West Bengal,"Interest subvention",5,State,"Aadhaar;PAN;Domicile Certificate;Business Plan","West Bengal self-employment scheme offering subsidized loans to youth and women to start micro-enterprises in the state.",https://karmasathi.wb.gov.in
SCH131,Uttar Pradesh One District One Product (ODOP) Scheme,All,General;Artisans;State-Specific,18,55,2500000,100000,25,"Handicrafts;Manufacturing",Uttar Pradesh,"Interest subvention",5,State,"Aadhaar;PAN;Domicile Certificate;Artisan ID","UP state scheme promoting district-specific traditional products with subsidized loans, training and marketing support for artisans.",https://odopup.in
SCH132,Handloom Weavers Comprehensive Welfare Scheme,All,Artisans;General,18,60,300000,25000,20,"Handicrafts;Manufacturing",All-India,"6-7%",5,Central,"Aadhaar;PAN;Weaver ID Card;Bank Statement","Central scheme offering credit access, insurance, and margin money support to traditional handloom weavers and artisan clusters.",https://handlooms.nic.in
SCH133,National Handicraft Development Programme (NHDP),All,Artisans;General,18,60,500000,50000,20,"Handicrafts;Manufacturing",All-India,"6-8%",5,Central,"Aadhaar;PAN;Artisan Card;Business Plan","Central scheme providing design development, marketing support, and credit facilitation for traditional handicraft artisans and clusters.",https://handicrafts.nic.in
SCH134,Ambedkar Hastshilp Vikas Yojana,All,SC;ST;Artisans,18,55,300000,25000,25,"Handicrafts;Manufacturing",All-India,"5-7%",5,Central,"Aadhaar;Caste Certificate;Artisan ID","Scheme for setting up craft-village clusters with infrastructure, design, and credit support for SC/ST artisan communities.",https://handicrafts.nic.in
SCH135,Design & Technology Upgradation Scheme,All,Artisans;General,18,60,500000,50000,20,"Handicrafts;Manufacturing",All-India,"6-8%",5,Central,"Aadhaar;PAN;Artisan Card","Central scheme supporting artisans in adopting improved tools, design innovation, and modern production techniques.",https://handicrafts.nic.in
SCH136,Silk Samagra Scheme,All,General;Rural;Artisans,18,55,1000000,50000,25,"Farming;Handicrafts;Manufacturing",All-India,"6-8%",5,Central,"Aadhaar;PAN;Sericulture Registration","Central Silk Board scheme offering financial and technical assistance for sericulture and silk-based micro-enterprises.",https://csb.gov.in
SCH137,Coir Vikas Yojana,All,General;Rural;Artisans,18,55,500000,50000,25,"Handicrafts;Manufacturing",All-India,"6-8%",5,Central,"Aadhaar;PAN;Coir Board Registration","Coir Board scheme providing subsidy-linked loans and skill training to coir-based micro-enterprises and artisans.",https://coirboard.gov.in
SCH138,National Backward Classes Finance & Development Corporation (NBCFDC) Term Loan,All,OBC,18,55,1500000,50000,0,"Manufacturing;Trading;Services;Farming",All-India,"4-6%",7,Central,"Aadhaar;PAN;OBC Certificate;Income Certificate","Concessional term loan scheme for OBC entrepreneurs to set up income-generating self-employment ventures.",https://nbcfdc.gov.in
SCH139,NBCFDC Mahila Samriddhi Yojana,Women,OBC;Women,18,50,150000,25000,0,"Trading;Services;Handicrafts",All-India,"4-5%",5,Central,"Aadhaar;OBC Certificate;Income Certificate","Micro-finance scheme under NBCFDC offering small collateral-free loans to OBC women for micro-enterprise activities.",https://nbcfdc.gov.in
SCH140,Minorities Micro Finance Scheme (NMDFC),All,General;Women,18,50,200000,25000,0,"Trading;Services;Handicrafts",All-India,"6-8%",5,Central,"Aadhaar;Minority Certificate;Income Certificate","National Minorities Development & Finance Corporation scheme for small credit to minority entrepreneurs, with priority to women.",https://nmdfc.org
SCH141,PM SVANidhi,All,General;Women;Rural,18,65,50000,10000,0,"Trading;Services",All-India,"7-9% (interest subsidy on repayment)",1,Central,"Aadhaar;Vendor Certificate;Bank Statement","Micro-credit scheme for street vendors offering working capital loans in increasing tranches with interest subsidy on timely repayment.",https://pmsvanidhi.mohua.gov.in
SCH142,Deendayal Antyodaya Yojana - NRLM,Women,Women;Rural,18,55,1000000,10000,0,"Farming;Handicrafts;Trading;Services",All-India,"0-7% (SHG linked)",5,Central,"Aadhaar;SHG Membership Certificate;Bank Statement","National Rural Livelihood Mission promoting Self Help Groups with bank-linked credit for rural women's micro-enterprises.",https://aajeevika.gov.in
SCH143,Deendayal Antyodaya Yojana - NULM,All,General;Women;Urban,18,55,1000000,50000,0,"Trading;Services;Manufacturing",All-India,"5-7% (subsidized)",5,Central,"Aadhaar;PAN;Income Certificate;Bank Statement","National Urban Livelihood Mission offering subsidized loans and skill training for urban poor self-employment and micro-enterprises.",https://nulm.gov.in
SCH144,Startup India Seed Fund Scheme,All,General;SC;ST;Women,18,45,5000000,2000000,0,"Manufacturing;Services;Trading",All-India,"NA (Grant/Equity)",0,Central,"Aadhaar;PAN;Company Registration;Pitch Deck","Seed funding support for early-stage startups for proof of concept, prototype development, and market entry.",https://seedfund.startupindia.gov.in
SCH145,Aspire Scheme,All,General;Rural;SC;ST,18,55,10000000,1000000,0,"Manufacturing;Farming;Handicrafts",All-India,"As per lending bank",7,Central,"Aadhaar;PAN;Business Plan;Incubator Recommendation","Scheme promoting innovation, rural entrepreneurship, and agro-industry through Livelihood Business Incubators and technology centres.",https://aspire.msme.gov.in
SCH146,Prime Minister's Employment Generation Programme - Special Component,All,SC;ST;Women;Rural,18,50,5000000,50000,35,"Manufacturing;Handicrafts;Farming",All-India,"4-8% (subsidized)",7,Central,"Aadhaar;PAN;Caste Certificate;Project Report","Enhanced-subsidy component of PMEGP targeted specifically at SC/ST, women, and special category applicants.",https://kviconline.gov.in/pmegpeportal
SCH147,Gujarat Garvi Gurjari Artisan Support Scheme,All,Artisans;State-Specific,18,55,500000,50000,25,"Handicrafts;Manufacturing",Gujarat,"Interest subvention",5,State,"Aadhaar;PAN;Domicile Certificate;Artisan ID","Gujarat state scheme offering marketing platforms, subsidy, and credit linkage for traditional artisans and craftspeople.",https://gujarat.gov.in
SCH148,Odisha Mission Shakti,Women,Women;State-Specific;Rural,18,55,1000000,10000,0,"Farming;Handicrafts;Trading;Services",Odisha,"0-7% (SHG linked)",5,State,"Aadhaar;SHG Membership Certificate;Domicile Certificate","Odisha state mission empowering women Self Help Groups through interest-free credit and livelihood support programs.",https://missionshakti.od.gov.in
SCH149,Madhya Pradesh Mukhyamantri Swarojgar Yojana,All,General;SC;ST;OBC;Women,18,45,5000000,100000,30,"Manufacturing;Services;Trading",Madhya Pradesh,"Interest subvention",7,State,"Aadhaar;PAN;Domicile Certificate;Business Plan","MP state self-employment scheme offering margin money subsidy and bank loan linkage for new micro-enterprises.",https://mpsvy.mp.gov.in
SCH150,Bihar Mukhyamantri Udyami Yojana,All,General;SC;ST;Women;OBC,18,50,1000000,100000,50,"Manufacturing;Services;Trading",Bihar,"0% (interest-free)",7,State,"Aadhaar;PAN;Domicile Certificate;Educational Certificate","Bihar state scheme providing interest-free loans with 50% grant component to first-generation entrepreneurs.",https://udyami.bihar.gov.in
SCH151,Kerala Kudumbashree Micro Enterprise Scheme,Women,Women;State-Specific;Rural,18,55,500000,10000,0,"Handicrafts;Farming;Trading;Services",Kerala,"4-7%",5,State,"Aadhaar;Kudumbashree Membership Certificate","Kerala's flagship women's collective scheme offering subsidized credit and enterprise support to Self Help Group members.",https://kudumbashree.org
SCH152,Punjab Ghar Ghar Rozgar Scheme,All,General;SC;Women;Rural,18,45,2500000,100000,25,"Manufacturing;Trading;Services",Punjab,"Interest subvention",5,State,"Aadhaar;PAN;Domicile Certificate;Business Plan","Punjab state scheme offering subsidized loans and employment-linked support for youth and marginalized entrepreneurs.",https://pgrkam.com